name,city,address
Libero Ltd,Anyang,Ap #984-6543 Molestie Road
Praesent Luctus Curabitur Limited,Carson City,Ap #752-3758 Sodales St.
Arcu Et Associates,Pergola,Ap #625-3307 Nisi Road
Nisi Institute,Trollh√§ttan,6334 Odio. Road
Quisque Imperdiet Erat Associates,Hamme,Ap #645-9667 Faucibus Avenue
Orci Sem Eget LLP,Nijmegen,Ap #515-8219 Phasellus Avenue
Non Massa Non Limited,Chancay,3295 Sollicitudin Rd.
Eu Accumsan Ltd,Ururi,6360 Cursus Street
Eros Nec Tellus LLC,Angol,6894 Proin St.
Proin Dolor Foundation,Abohar,490-8529 Duis Avenue
Luctus Sit Consulting,Spormaggiore,"Ap #269-2974 Rutrum, Ave"
